{
  "reportes_iniciales": 10030,
  "reportes_nuevos": 0,
  "precision_inicial": 0.49202392821535396,
  "precision_actual": 0.49202392821535396,
  "entrenamientos_realizados": 1,
  "ultimo_entrenamiento": "2025-10-23T09:31:42.915422",
  "historial_precision": []
}